Workbook

Sheet Danh sách
A1: STT | B1: Mã học viên | C1: Họ và tên | D1: Email | E1: Khoa | F1: Khóa học quan tâm | G1: Nguồn đăng ký | H1: Ngày đăng ký | I1: Điểm chuyên cần | J1: Trạng thái
A2: 1 | B2: SV26001 | C2: Dương Hoàng Khiêm | D2: duong.hoang.khiem26@email.com | E2: Kế toán | F2: Tiếng Anh giao tiếp | G2: Facebook Ads | H2: 46298 | I2: 3.5 | J2: Đã xác nhận
A3: 2 | B3: SV26002 | C3: Đặng Minh Huy | D3: dang.minh.huy63@email.com | E3: Kế toán | F3: Lập trình Web | G3: Facebook Ads | H3: 46298 | I3: 8.1 | J3: Đã xác nhận
A4: 3 | B4: SV26003 | C4: Đặng Yến Bình | D4: dang.yen.binh45@email.com | E4: Quản trị kinh doanh | F4: Tiếng Anh giao tiếp | G4: Google Form | H4: 46296 | I4: 8.9 | J4: Đã xác nhận
A5: 4 | B5: SV26004 | C5: Ngô Gia Đạt | D5: ngo.gia.dat91@email.com | E5: Quản trị kinh doanh | F5: Marketing Digital | G5: Google Form | H5: 46312 | I5: 4 | J5: Chờ xác nhận
A6: 5 | B6: SV26005 | C6: Nguyễn Anh Việt | D6: nguyen.anh.viet59@email.com | E6: CNTT | F6: Excel nâng cao | G6: Zalo OA | H6: 46318 | I6: 4.1 | J6: Đã xác nhận
A7: 6 | B7: SV26006 | C7: Dương Văn Quân | D7: duong.van.quan45@email.com | E7: Marketing | F7: Lập trình Python | G7: Website | H7: 46314 | I7: 7 | J7: Đã xác nhận
A8: 7 | B8: SV26007 | C8: Bùi Gia An | D8: bui.gia.an34@email.com | E8: Điện tử Viễn thông | F8: Excel nâng cao | G8: Website | H8: 46301 | I8: 6.4 | J8: Đã xác nhận
A9: 8 | B9: SV26008 | C9: Phạm Đức Trang | D9: pham.duc.trang43@email.com | E9: Quản trị kinh doanh | F9: Marketing Digital | G9: Website | H9: 46306 | I9: 8.3 | J9: Đã xác nhận
A10: 9 | B10: SV26009 | C10: Hoàng Khánh Cường | D10: hoang.khanh.cuong60@email.com | E10: CNTT | F10: Excel nâng cao | G10: Website | H10: 46305 | I10: 6.6 | J10: Đã xác nhận
A11: 10 | B11: SV26010 | C11: Bùi Khánh Vy | D11: bui.khanh.vy88@email.com | E11: Marketing | F11: Lập trình Python | G11: Facebook Ads | H11: 46299 | I11: 3 | J11: Đã xác nhận
A12: 11 | B12: SV26011 | C12: Lý Thu Dũng | D12: ly.thu.dung55@email.com | E12: CNTT | F12: Lập trình Web | G12: Website | H12: 46309 | I12: 8.2 | J12: Chờ xác nhận
A13: 12 | B13: SV26012 | C13: Vũ Đức An | D13: vu.duc.an30@email.com | E13: Quản trị kinh doanh | F13: Tiếng Anh giao tiếp | G13: Google Form | H13: 46308 | I13: 4.3 | J13: Chờ xác nhận
... A201: 200 | B201: SV26200 | C201: Hoàng Thị Huy | D201: hoang.thi.huy53@email.com | E201: Quản trị kinh doanh | F201: Tiếng Anh giao tiếp | G201: Zalo OA | H201: 46302 | I201: 5.5 | J201: Chờ xác nhận

Sheet Thống kê
A1: Thống kê theo nguồn đăng ký
A2: Nguồn đăng ký | B2: Số lượng | C2: Tỷ lệ
A3: Website | B3: =COUNTIF('Danh sách'!$G$2:$G$201,A3) -> 76 | C3: =B3/$B$7 -> 0.38
A4: Facebook Ads | B4: =COUNTIF('Danh sách'!$G$2:$G$201,A4) -> 62 | C4: =B4/$B$7 -> 0.31
A5: Google Form | B5: =COUNTIF('Danh sách'!$G$2:$G$201,A5) -> 35 | C5: =B5/$B$7 -> 0.175
A6: Zalo OA | B6: =COUNTIF('Danh sách'!$G$2:$G$201,A6) -> 27 | C6: =B6/$B$7 -> 0.135
A7: Tổng cộng | B7: =SUM(B3:B6) -> 200 | C7: =SUM(C3:C6) -> 1
A9: Thống kê theo trạng thái
A10: Trạng thái | B10: Số lượng | C10: Tỷ lệ
A11: Đã xác nhận | B11: =COUNTIF('Danh sách'!$J$2:$J$201,A11) -> 141 | C11: =B11/$B$13 -> 0.705
A12: Chờ xác nhận | B12: =COUNTIF('Danh sách'!$J$2:$J$201,A12) -> 59 | C12: =B12/$B$13 -> 0.295
A13: Tổng cộng | B13: =SUM(B11:B12) -> 200 | C13: =SUM(C11:C12) -> 1
A15: Học viên khoa CNTT có điểm chuyên cần dưới 7 | B15: =COUNTIFS('Danh sách'!$E$2:$E$201,"CNTT",'Danh sách'!$I$2:$I$201,"<7") -> 40
A17: Ghi chú: dữ liệu học viên là dữ liệu mẫu tạo ngẫu nhiên cho bài tập, không phải dữ liệu thật.

Sheet Kiểm thử TRIM
A1: Họ và tên (có khoảng trắng thừa) | B1: LEN gốc | C1: Sau TRIM | D1: LEN sau TRIM | E1: Có khoảng trắng thừa?
A2: Nguyễn Văn An | B2: =LEN(A2) -> 14 | C2: =TRIM(A2) -> Nguyễn Văn An | D2: =LEN(C2) -> 13 | E2: =IF(B2<>D2,"Có","Không") -> Có
A3: Trần Thị Bình | B3: =LEN(A3) -> 15 | C3: =TRIM(A3) -> Trần Thị Bình | D3: =LEN(C3) -> 13 | E3: =IF(B3<>D3,"Có","Không") -> Có
A4: Lê Minh Đức | B4: =LEN(A4) -> 12 | C4: =TRIM(A4) -> Lê Minh Đức | D4: =LEN(C4) -> 11 | E4: =IF(B4<>D4,"Có","Không") -> Có
A5: Phạm Thu Hà | B5: =LEN(A5) -> 11 | C5: =TRIM(A5) -> Phạm Thu Hà | D5: =LEN(C5) -> 11 | E5: =IF(B5<>D5,"Có","Không") -> Không
A6: Đỗ Quốc Huy | B6: =LEN(A6) -> 13 | C6: =TRIM(A6) -> Đỗ Quốc Huy | D6: =LEN(C6) -> 11 | E6: =IF(B6<>D6,"Có","Không") -> Có
A8: Cách xử lý: dán cột Sau TRIM đè lên cột tên gốc bằng Paste Special > Values, rồi lọc lại.
A9: Nếu TRIM chưa đủ, dùng =TRIM(SUBSTITUTE(A2,CHAR(160)," ")) để bỏ khoảng trắng không ngắt.
